sample_id,fundamental_matrix
phototourism;british_museum;77723525_5227836172-42803655_6429621523,8.09659935e-08 3.83725163e-06 -1.68533065e-03 -5.10271305e-06 -2.32134495e-07 6.33474070e-03 2.42883175e-03 -6.35963207e-03 -3.40481219e-01
phototourism;british_museum;19254317_158538587-18486676_4996206525,2.72286005e-06 -1.71651716e-04 4.10358635e-02 1.73362759e-04 -9.96309453e-07 -1.33780179e-01 -4.40917315e-02 1.31653566e-01 1.00000000e+00
phototourism;british_museum;93658023_4980549800-42803655_6429621523,2.32940682e-09 -1.04529046e-05 4.36834589e-03 1.05961579e-05 -1.66145650e-07 2.99953328e-04 -5.18184729e-03 -5.67965389e-04 1.24622482e-01
phototourism;british_museum;93658023_4980549800-77723525_5227836172,6.91690150e-09 1.64830708e-06 -6.68069937e-04 -6.11293678e-08 1.39626628e-07 4.43462089e-03 3.41584267e-06 -5.14727169e-03 2.65755199e-01
phototourism;british_museum;77723525_5227836172-69960354_6519615529,-3.31288429e-07 1.27240775e-05 -5.93650056e-03 -1.27419800e-05 -8.85773132e-07 9.82647537e-03 5.96338569e-03 -8.30647196e-03 -3.62606427e-01
phototourism;british_museum;93658023_4980549800-75879177_2453112255,1.81488361e-08 1.81461692e-05 -9.20610804e-03 -1.79502077e-05 -1.73929856e-07 8.73613601e-03 8.07882112e-03 -8.68600412e-03 5.10308514e-01
